UNIQUE_ID,COLLISION_ID,CRASH_DATE,CRASH_TIME,VEHICLE_ID,STATE_REGISTRATION,VEHICLE_TYPE,VEHICLE_MAKE,VEHICLE_MODEL,VEHICLE_YEAR,TRAVEL_DIRECTION,VEHICLE_OCCUPANTS,DRIVER_SEX,DRIVER_LICENSE_STATUS,DRIVER_LICENSE_JURISDICTION,PRE_CRASH,POINT_OF_IMPACT,VEHICLE_DAMAGE,VEHICLE_DAMAGE_1,VEHICLE_DAMAGE_2,VEHICLE_DAMAGE_3,PUBLIC_PROPERTY_DAMAGE,PUBLIC_PROPERTY_DAMAGE_TYPE,CONTRIBUTING_FACTOR_1,CONTRIBUTING_FACTOR_2,Year
20582158,4693674,2024-01-05,19:00,a63d72c2-46bc-4c83-9c96-be09dc324538,NY,Taxi,TOYT -CAR/SUV,,2018.0,West,1.0,M,Licensed,NY,Going Straight Ahead,Right Front Quarter Panel,Right Side Doors,Right Front Bumper,Right Rear Quarter Panel,Other,N,,Unspecified,Unspecified,2024
20580652,4692961,2024-01-05,18:42,2e9c1968-885c-48b3-b55a-7cc9f61360d4,NY,Sedan,LEXS -CAR/SUV,,2018.0,North,1.0,M,Licensed,NY,Going Straight Ahead,Left Front Bumper,Left Front Bumper,Left Front Bumper,,,N,,Unspecified,Unspecified,2024
20580158,4692921,2024-01-05,19:00,6bbbcbbe-41f9-48fd-8437-ecd71d4189ad,NY,Station Wagon/Sport Utility Vehicle,FORD -CAR/SUV,,2018.0,West,1.0,M,Licensed,NY,Backing,Right Rear Quarter Panel,Right Rear Quarter Panel,No Damage,No Damage,No Damage,N,,View Obstructed/Limited,Unspecified,2024
20581634,4693443,2024-01-05,13:00,a3dd1d2a-d351-477f-8e4d-3b46b09f62d9,NY,Station Wagon/Sport Utility Vehicle,HOND -CAR/SUV,,2022.0,North,1.0,M,Licensed,NY,Going Straight Ahead,Left Side Doors,Left Side Doors,Left Rear Quarter Panel,Left Front Quarter Panel,No Damage,N,,Unspecified,Unspecified,2024
20580321,4692914,2024-01-05,12:55,658ee930-9631-495c-98bf-8aaa902ab542,NY,Sedan,TOYT -CAR/SUV,,2021.0,West,1.0,M,Permit,NY,Going Straight Ahead,Left Rear Quarter Panel,Left Front Quarter Panel,Left Side Doors,Left Front Bumper,Left Rear Bumper,N,,Unspecified,Unspecified,2024
20580540,4692995,2024-01-05,7:03,ae6e731d-c4e4-4745-9da0-fe5477f53a60,NY,Box Truck,FRHT-TRUCK/BUS,,2016.0,South,0.0,,,,Parked,Left Front Quarter Panel,Left Front Bumper,,,,N,,Other Vehicular,Other Vehicular,2024
20580630,4692988,2024-01-05,11:35,3cae5da0-d256-4b1b-8a25-483c9ed49d55,NY,Bus,NOVAB BUS,,2018.0,South,1.0,M,Licensed,NY,Going Straight Ahead,Right Side Doors,Right Side Doors,,,,N,,Unspecified,Unspecified,2024
20580507,4693070,2024-01-05,19:43,41c03d5b-0c9c-45ea-a7b1-e78096d10732,NY,Sedan,KIA -CAR/SUV,,2023.0,West,2.0,F,Licensed,NY,Going Straight Ahead,Center Back End,Center Back End,No Damage,No Damage,No Damage,N,,Unspecified,Unspecified,2024
20581212,4693245,2024-01-05,18:00,69c0aa8d-d604-4e63-b0d3-a6e6f2bc9816,,,,,,,1.0,,,,,,,,,,Unspecified,,,,2024
20580521,4692966,2024-01-05,12:21,5be2c02c-a76c-4b49-97ed-93806bfdb475,,Bike,,,,East,1.0,M,,,Going Straight Ahead,Right Side Doors,No Damage,,,,N,,Unspecified,Unspecified,2024
20581720,4693509,2024-01-05,12:25,6557735c-8488-4210-a322-5ba734b6a075,IN,Bulk Agriculture,FRHT-TRUCK/BUS,,2018.0,East,2.0,M,Licensed,NY,Slowing or Stopping,Center Back End,Center Back End,,,,N,,Unspecified,Unspecified,2024
20581206,4693317,2024-01-05,21:17,b7ff2333-a896-4fc2-8b90-71b59705ff40,,,,,,,1.0,,,,Changing Lanes,Right Front Bumper,Right Front Bumper,,,,Unspecified,,Following Too Closely,Driver Inexperience,2024
20580266,4692920,2024-01-05,20:25,5eda6297-a21f-43a4-b1ee-75c607ee0054,,,,,,,,,,,,,,,,,Unspecified,,,,2024
20581287,4693250,2024-01-05,18:55,4e90f5cb-4f4a-4b28-b057-3a63cad47572,NJ,Sedan,SUBA -CAR/SUV,,2021.0,North,1.0,M,Licensed,NY,Going Straight Ahead,Right Side Doors,Right Side Doors,,,,N,,Unspecified,Unspecified,2024
20589738,4697125,2024-01-05,23:38,dfc83fa6-ea4f-49a3-b9ad-c428184bcc93,NJ,Sedan,HOND -CAR/SUV,,2008.0,North,1.0,,,,Going Straight Ahead,Left Front Bumper,Left Front Quarter Panel,Center Front End,Right Front Bumper,Right Front Quarter Panel,N,,Unspecified,Unspecified,2024
20580963,4693284,2024-01-05,15:50,30655763-7c64-4e4e-b9d4-937b6851674d,NY,Motorcycle,ZNEN,,2023.0,West,1.0,M,Unlicensed,,Going Straight Ahead,Right Front Quarter Panel,Right Front Quarter Panel,,,,N,,Unspecified,Unspecified,2024
20592068,4698393,2024-01-05,11:30,de64655a-8818-44a8-adb0-fbfd625c84be,NY,Sedan,BMW -CAR/SUV,,2013.0,North,0.0,,,,Parked,Center Front End,Center Front End,,,,N,,Unspecified,Unspecified,2024
20582175,4693696,2024-01-05,4:43,4a475451-4312-4a25-946c-00725c357ae7,NY,Sedan,TOYT -CAR/SUV,,2023.0,East,2.0,M,Licensed,NY,Going Straight Ahead,Center Back End,Right Rear Bumper,Center Back End,,,N,,Unspecified,Unspecified,2024
20580550,4693056,2024-01-05,19:30,0fc8fc6a-d0c3-4180-941a-45fe62032566,NY,Station Wagon/Sport Utility Vehicle,,,2013.0,North,0.0,,,,Parked,Left Front Quarter Panel,Left Front Quarter Panel,,Left Front Quarter Panel,,N,,Unspecified,Unspecified,2024
20580598,4692999,2024-01-05,11:20,473fda4a-47e8-4120-bb05-3282c518d4a9,NY,Sedan,HOND -CAR/SUV,,2010.0,Unknown,0.0,,,,Parked,Left Rear Quarter Panel,Left Rear Quarter Panel,Left Rear Bumper,,,N,,Unspecified,Unspecified,2024
20580530,4693058,2024-01-05,20:15,60272e4f-ff01-4d68-addc-8a13ab726c95,,Box Truck,FORD-TRUCK/BUS,,,West,,,,,Going Straight Ahead,Right Front Quarter Panel,,,,,N,,Passing Too Closely,Driver Inattention/Distraction,2024
20581727,4693424,2024-01-05,1:15,6ad9aa5f-19d1-4367-9093-3fb211763363,NY,Station Wagon/Sport Utility Vehicle,HYUN -CAR/SUV,,2023.0,North,0.0,,,,Parked,Center Back End,Left Rear Bumper,No Damage,No Damage,No Damage,N,,Unspecified,Unspecified,2024
20581261,4693196,2024-01-05,15:51,09424099-5aae-4c69-82d8-408f2103e801,NY,Bus,INTL-TRUCK/BUS,,2014.0,East,5.0,M,Licensed,NY,Going Straight Ahead,Right Front Bumper,Right Front Quarter Panel,Right Front Quarter Panel,,,N,,Driver Inexperience,Driver Inattention/Distraction,2024
20581154,4693136,2024-01-05,10:30,59bf374f-8523-4568-8611-3b5f0b49c8ef,FL,Station Wagon/Sport Utility Vehicle,NISS -CAR/SUV,,2013.0,South,3.0,M,Licensed,FL,Going Straight Ahead,Left Front Quarter Panel,Left Front Bumper,Center Front End,,,N,,Unspecified,Unspecified,2024
20581209,4693141,2024-01-05,15:00,7da08569-e688-4310-bc83-a1674166c623,PA,Sedan,BMW -CAR/SUV,,1999.0,South,1.0,M,Licensed,PA,Parked,Left Side Doors,Left Side Doors,,,,N,,View Obstructed/Limited,Unspecified,2024
20580992,4693275,2024-01-05,7:18,b784ae33-b35c-4a2c-b930-e679f59a6ac6,NY,Sedan,TOYT -CAR/SUV,,2008.0,West,1.0,F,Licensed,NY,Going Straight Ahead,Right Front Quarter Panel,Right Side Doors,Right Front Bumper,,,N,,Unspecified,Unspecified,2024
20580223,4692865,2024-01-05,14:06,7db6f71c-8819-4619-bd18-35fa343b8117,NY,Moped,ZHILO,,2023.0,South,1.0,M,Unlicensed,,Making Left Turn,Center Front End,Center Front End,Right Front Bumper,No Damage,No Damage,N,,Aggressive Driving/Road Rage,Unsafe Speed,2024
20581298,4693251,2024-01-05,19:30,b382fe81-b8f1-4317-bbb5-47a02c43268e,,,,,,South,,,,,Making Right Turn on Red,Left Front Quarter Panel,Left Front Bumper,,,,Unspecified,,Turning Improperly,Oversized Vehicle,2024
20585957,4695588,2024-01-05,20:18,a0ce3b2a-cf1f-453b-90b2-45d9b4ed4e2b,NY,Sedan,TOYT -CAR/SUV,,2018.0,North,1.0,M,Licensed,NY,Going Straight Ahead,No Damage,No Damage,,,,N,,Unspecified,Unspecified,2024
20582284,4693797,2024-01-05,19:10,fb6ad892-36c8-4945-baa7-c1ab3a50b92b,NY,Station Wagon/Sport Utility Vehicle,TOYT -CAR/SUV,,2014.0,North,0.0,,,,Parked,Left Side Doors,Left Rear Quarter Panel,Left Front Quarter Panel,,,N,,Unspecified,Unspecified,2024
20580911,4693395,2024-01-05,16:43,4a4f5761-f00e-412b-9767-03ae65839ceb,NY,Box Truck,FRHT-TRUCK/BUS,,2012.0,North,1.0,M,Licensed,NY,Making Left Turn,Right Front Bumper,Right Front Bumper,No Damage,No Damage,No Damage,N,,Driver Inattention/Distraction,Failure to Yield Right-of-Way,2024
20580358,4692936,2024-01-05,10:44,1147a670-94e2-44b7-aadc-47bd9a10df48,NY,,,,2017.0,Northeast,1.0,,,,Going Straight Ahead,No Damage,No Damage,No Damage,No Damage,No Damage,N,,Driver Inattention/Distraction,Driver Inattention/Distraction,2024
20582138,4693673,2024-01-05,15:15,904ca791-9bda-4739-ba24-79d49992b9ba,NY,Taxi,,,,West,,,,,Going Straight Ahead,No Damage,No Damage,No Damage,No Damage,No Damage,N,,Unspecified,Unspecified,2024
20581118,4693336,2024-01-05,23:00,73c1e1c5-c2cd-420a-84d8-249c4110f9fe,,,,,,,,,,,,,,,,,Unspecified,,,,2024
20582283,4693797,2024-01-05,19:10,bf4a5492-f3dd-48b7-8345-682de4df7a68,NY,Sedan,NISS -CAR/SUV,,2018.0,North,2.0,F,Licensed,NY,Making Left Turn,Right Front Bumper,Right Front Bumper,Right Front Bumper,,,N,,Driver Inexperience,Driver Inexperience,2024
20581329,4693352,2024-01-05,17:30,1df889e8-34b4-45e6-ac97-05670b8ee4be,NJ,Station Wagon/Sport Utility Vehicle,HOND -CAR/SUV,,2013.0,East,1.0,M,Licensed,NJ,Going Straight Ahead,Left Rear Quarter Panel,Left Rear Quarter Panel,,,,N,,Unspecified,Unspecified,2024
20583173,4693724,2024-01-05,13:38,8228901f-a23f-4983-8e39-ed7beaec8f2c,,,,,,,,,,,,,,,,,Unspecified,"DAMAGE TO SMALL RETAINING WALL IN FRONT OF 1144 VICTORY BLVD, SIDEWALK AND RETAINING CEMENT WALL WITH LAWN ENCLOSURE WAS CHIPPED.",,,2024
20581144,4693308,2024-01-05,7:10,74eb7d7c-d0bd-4678-875e-b4bdb4fe4b00,NY,Sedan,TOYT -CAR/SUV,,2016.0,West,0.0,,,,Parked,Left Rear Bumper,Left Rear Quarter Panel,Left Side Doors,Left Side Doors,Center Back End,N,,Unspecified,Unspecified,2024
20580343,4692930,2024-01-05,2:25,6040c598-3c89-45ca-99bf-9b57d7ef5fc4,NY,Station Wagon/Sport Utility Vehicle,JEEP -CAR/SUV,,2023.0,East,1.0,F,Licensed,NY,Stopped in Traffic,Left Rear Bumper,Left Rear Quarter Panel,Left Rear Quarter Panel,No Damage,No Damage,N,,Unspecified,Unspecified,2024
20580108,4692881,2024-01-05,5:55,de7f4ef1-6118-4c0c-b17b-6f46d8b3fca8,NY,Sedan,HOND -CAR/SUV,,2015.0,South,1.0,M,,,Making U Turn,Left Rear Quarter Panel,Left Side Doors,Left Front Quarter Panel,No Damage,No Damage,N,,Failure to Yield Right-of-Way,Unspecified,2024
20583172,4693724,2024-01-05,13:38,fcf1921c-7849-4f67-975c-2a0396fb1930,NY,Station Wagon/Sport Utility Vehicle,CHEV -CAR/SUV,,2020.0,East,2.0,F,Licensed,NY,Changing Lanes,Center Front End,Center Front End,Right Side Doors,Right Side Doors,,Y,,Driver Inattention/Distraction,Passing or Lane Usage Improper,2024
20582714,4693941,2024-01-05,7:40,247d18a8-7408-4003-88e8-ca99a993fa34,,,,,,North,1.0,,,,Going Straight Ahead,Center Front End,Center Front End,No Damage,No Damage,No Damage,N,,Traffic Control Disregarded,Unspecified,2024
20580680,4692984,2024-01-05,23:30,3e4526c6-2279-4e9a-a7b0-25e88900538b,NJ,Station Wagon/Sport Utility Vehicle,NISS -CAR/SUV,,2015.0,East,2.0,F,Licensed,NJ,Going Straight Ahead,Left Rear Quarter Panel,Left Rear Quarter Panel,,,,N,,Unspecified,Unspecified,2024
20584588,4695127,2024-01-05,22:32,881dbe8e-e37e-449a-b540-68164915922f,NY,Sedan,HYUN -CAR/SUV,,2017.0,East,1.0,M,Licensed,NY,Going Straight Ahead,Left Front Bumper,Left Front Bumper,No Damage,No Damage,No Damage,N,,Unspecified,Unspecified,2024
20580541,4692995,2024-01-05,7:03,98f2e3af-b05b-4502-be83-2a7e271f0bb3,NY,Bus,Perm,,2011.0,South,1.0,F,Licensed,NY,Going Straight Ahead,Right Side Doors,Right Rear Quarter Panel,Right Rear Bumper,,,N,,Passing Too Closely,Passing Too Closely,2024
20580448,4693072,2024-01-05,18:01,a83c6754-7349-4412-bc58-ae09a102773f,NY,Taxi,TOYT -CAR/SUV,,2022.0,North,1.0,M,Licensed,NY,Going Straight Ahead,Left Front Quarter Panel,Left Front Quarter Panel,,,,N,,Unspecified,Unspecified,2024
20580353,4692935,2024-01-05,13:40,b243d05f-9ccd-4f79-ad6f-22af51586b0b,,,,,,,,,,,,,,,,,Unspecified,,,,2024
20582687,4694104,2024-01-05,8:39,917d12e7-aaa1-4721-83cc-6baf22225f8e,NY,Station Wagon/Sport Utility Vehicle,LINC -CAR/SUV,,2022.0,South,1.0,F,Licensed,NY,Going Straight Ahead,Left Side Doors,Left Side Doors,Left Side Doors,,,N,,Unspecified,Unspecified,2024
20581782,4693496,2024-01-05,20:08,168669c9-b669-42b7-93fd-0e5b473e7dd9,NY,Station Wagon/Sport Utility Vehicle,MITS -CAR/SUV,,2015.0,East,1.0,F,Licensed,NY,Going Straight Ahead,Right Rear Quarter Panel,Right Rear Quarter Panel,Right Rear Quarter Panel,Right Side Doors,Right Side Doors,N,,Other Vehicular,Other Vehicular,2024
20580206,4692826,2024-01-05,8:57,26f27447-7aff-4526-bc45-5cac0ad4b192,NY,Bus,BLUI-TRUCK/BUS,,2009.0,South,1.0,M,Licensed,NY,Slowing or Stopping,Center Back End,Center Back End,Center Back End,Center Back End,Center Back End,N,,Unspecified,Unspecified,2024
20580282,4692897,2024-01-05,15:13,c825e661-a9ba-4f7d-8659-d6915516974c,NY,Station Wagon/Sport Utility Vehicle,VOLV -CAR/SUV,,2010.0,West,1.0,,,,Backing,Center Back End,No Damage,No Damage,No Damage,No Damage,N,,Driver Inattention/Distraction,Unspecified,2024
20580573,4692996,2024-01-05,20:50,6edf22bf-068f-4b70-bdaa-0038635bdc14,NY,Station Wagon/Sport Utility Vehicle,TOYT -CAR/SUV,,2019.0,West,0.0,,,,Parked,Left Rear Bumper,Left Rear Bumper,Left Rear Quarter Panel,Left Side Doors,,N,,Unspecified,Unspecified,2024
20580147,4692877,2024-01-05,12:50,6e428df4-fcf2-417a-8292-373a98bdbd8c,NY,Station Wagon/Sport Utility Vehicle,HOND -CAR/SUV,,2013.0,West,0.0,,,,Parked,Left Rear Quarter Panel,Left Rear Bumper,,,,Unspecified,,Unspecified,Unspecified,2024
20580599,4692999,2024-01-05,11:20,e85da8f0-7875-406a-9d92-f3199d0ade69,NY,Station Wagon/Sport Utility Vehicle,JEEP -CAR/SUV,,2015.0,West,1.0,,,,Going Straight Ahead,Right Front Bumper,Right Front Bumper,,,,N,,Driver Inattention/Distraction,Driver Inexperience,2024
20580260,4692884,2024-01-05,15:10,f6054eb5-a94e-4249-a3a7-3c85b8637583,NY,Sedan,TOYT -CAR/SUV,,2006.0,Southwest,1.0,M,Licensed,NY,Making Left Turn,Center Front End,No Damage,No Damage,No Damage,No Damage,N,,Failure to Yield Right-of-Way,Driver Inattention/Distraction,2024
20587137,4692850,2024-01-05,12:44,49c22824-b45b-441f-8b0a-70143c046a81,NY,Station Wagon/Sport Utility Vehicle,JEEP -CAR/SUV,,2018.0,North,2.0,M,Licensed,NY,Stopped in Traffic,Right Rear Bumper,Right Rear Bumper,No Damage,No Damage,No Damage,N,,Unspecified,Unspecified,2024
20580310,4692932,2024-01-05,12:00,00c9fe3d-8c0f-4fa6-be4a-40191af88c8a,NY,Sedan,TOYT -CAR/SUV,,2012.0,West,2.0,M,Licensed,NY,Avoiding Object in Roadway,Center Front End,Right Front Bumper,Center Front End,Right Front Quarter Panel,No Damage,N,,Driver Inattention/Distraction,Other Vehicular,2024
20580269,4692842,2024-01-05,7:41,8f5c5778-651f-4505-9290-9e70b3f94456,NJ,Sedan,INFI -CAR/SUV,,2018.0,East,0.0,M,Licensed,NJ,Going Straight Ahead,Center Front End,Center Front End,No Damage,No Damage,No Damage,N,,Unspecified,Unspecified,2024
20580870,4693179,2024-01-05,12:40,78899764-276b-49ba-afd1-d2e67b85c0f8,NY,Station Wagon/Sport Utility Vehicle,FORD -CAR/SUV,,2012.0,West,0.0,,,,Parked,Center Front End,Center Front End,,,,N,,Unspecified,Unspecified,2024
20582173,4693761,2024-01-05,12:05,2515f343-00c6-4b73-9c8e-e77e9cf46357,NY,Sedan,MERZ -CAR/SUV,,2019.0,North,1.0,M,Licensed,NY,Going Straight Ahead,Left Rear Bumper,Left Rear Bumper,Right Rear Bumper,,Left Rear Bumper,Unspecified,,Unspecified,Unspecified,2024
20581110,4693264,2024-01-05,10:30,8544b2af-7c6c-46df-9563-7bc8e16059e4,NY,Sedan,TOYT -CAR/SUV,,2014.0,West,1.0,M,Licensed,NY,Going Straight Ahead,Center Front End,Center Front End,,,,N,,Unspecified,Unspecified,2024
20580244,4692889,2024-01-05,16:25,27ef6fc4-2fe9-46dc-bd62-85cad9456299,NY,Bus,,,,Northeast,1.0,,,,Making Left Turn,Left Front Quarter Panel,No Damage,,,,N,,Passing Too Closely,Failure to Keep Right,2024
20582154,4692969,2024-01-05,16:45,4c8ca722-db34-450f-a1af-fb237ee9a24a,NY,Station Wagon/Sport Utility Vehicle,SUBA -CAR/SUV,,2019.0,North,1.0,M,Licensed,NY,Making Right Turn,Right Front Quarter Panel,No Damage,No Damage,No Damage,No Damage,N,,Unspecified,Unspecified,2024
20580148,4692877,2024-01-05,12:50,4b69205e-bf32-46d1-a89f-3dda657e5f5c,NY,Station Wagon/Sport Utility Vehicle,CHEV -CAR/SUV,,2009.0,West,0.0,,,,Parked,Left Front Bumper,Center Front End,Right Front Bumper,Center Back End,,Unspecified,,Unspecified,Unspecified,2024
20581229,4693316,2024-01-05,18:50,5a4b27a6-d297-47ae-bce2-e99bf87087d8,NY,Sedan,MERZ -CAR/SUV,,2024.0,North,0.0,,,,Parked,Right Front Bumper,Right Front Bumper,Right Front Bumper,Right Front Bumper,Right Front Bumper,N,,Unspecified,Unspecified,2024
20580347,4692887,2024-01-05,16:55,641600da-f472-4e99-9c69-1abce81e3d92,NY,Taxi,TESL -CAR/SUV,,2022.0,East,1.0,M,Licensed,NY,Making Left Turn,Right Side Doors,Right Side Doors,No Damage,No Damage,No Damage,N,,Failure to Yield Right-of-Way,Unspecified,2024
20580647,4692943,2024-01-05,18:08,73617c2b-339d-460a-9665-f1c1f7e1ce05,NY,Sedan,HYUN -CAR/SUV,,2022.0,West,1.0,M,Licensed,NY,Going Straight Ahead,Center Front End,No Damage,,,,N,,Failure to Yield Right-of-Way,Passing Too Closely,2024
20581253,4693353,2024-01-05,7:55,83384597-8ec2-4630-afb0-0f439dda470b,NY,Station Wagon/Sport Utility Vehicle,TOYT -CAR/SUV,,2021.0,North,3.0,M,Licensed,NY,Going Straight Ahead,Left Front Bumper,Left Front Bumper,,,,Unspecified,,Following Too Closely,Unspecified,2024
20585972,4693376,2024-01-05,14:45,52883da0-747a-4f30-8b54-abaf0a622bc7,NY,Pick-up Truck,FORD -CAR/SUV,,2008.0,West,2.0,,,,Passing,Left Front Bumper,Left Front Bumper,Center Front End,No Damage,No Damage,N,,Passing or Lane Usage Improper,Unspecified,2024
20580239,4692827,2024-01-05,7:11,45ea1908-84d0-4304-bbcf-922d942e038b,NY,Station Wagon/Sport Utility Vehicle,CHEV -CAR/SUV,,2010.0,Southwest,1.0,,,,Making Right Turn,Left Front Bumper,,,,,N,,Driver Inattention/Distraction,Driver Inattention/Distraction,2024
20581543,4693522,2024-01-05,14:51,b01d3432-9a53-4370-8dc1-d3f846de6da9,,Van,,,,Unknown,1.0,,,,,,,,,,N,,Passing Too Closely,Driver Inattention/Distraction,2024
20580644,4692940,2024-01-05,14:34,d700a342-28ce-4a56-97df-bf5134f7b527,,E-Scooter,,,,East,1.0,F,,,Going Straight Ahead,Center Front End,Center Front End,,,,Unspecified,,Unspecified,Unspecified,2024
20580259,4692923,2024-01-05,19:20,892000ab-b26f-4d69-a0dc-e6e54fe8dd4c,NY,Station Wagon/Sport Utility Vehicle,TOYT -CAR/SUV,,2021.0,North,1.0,,,,Merging,Left Front Bumper,Left Front Bumper,Left Front Quarter Panel,,,N,,Driver Inattention/Distraction,Unsafe Lane Changing,2024
20580348,4692887,2024-01-05,16:55,6d9f993b-9b50-4ee9-a77a-97b63624c104,,Moped,Trans pro,,2023.0,North,1.0,M,Unlicensed,,Going Straight Ahead,Center Front End,Center Front End,No Damage,No Damage,No Damage,N,,Unsafe Speed,Unspecified,2024
20580220,4692908,2024-01-05,10:00,84b32c7b-1184-42f4-8092-dfa98caf50ef,,,,,,,,,,,,,,,,,Unspecified,,,,2024
20581361,4693162,2024-01-05,23:54,a5bb8f2a-084e-4da0-a186-808ff75b8c8c,NJ,Sedan,NISS -CAR/SUV,,2020.0,South,4.0,F,,,Making Right Turn,Right Front Bumper,Right Front Bumper,Center Front End,Right Front Quarter Panel,No Damage,N,,Unspecified,Unspecified,2024
20581636,4693480,2024-01-05,17:16,4f8f022f-b6d4-4617-9806-d59434fb9456,PA,Station Wagon/Sport Utility Vehicle,FORD -CAR/SUV,,2018.0,North,1.0,M,Licensed,NY,Merging,Left Side Doors,Left Front Quarter Panel,Left Front Quarter Panel,Left Side Doors,No Damage,N,,Unspecified,Unspecified,2024
20581163,4693303,2024-01-05,17:06,e6cae0ac-0037-45d8-940d-0d77acf6247c,NY,Station Wagon/Sport Utility Vehicle,INFI -CAR/SUV,,2018.0,Unknown,1.0,M,Licensed,NY,Making Left Turn,Left Front Bumper,Left Front Bumper,,,,N,,Turning Improperly,Unspecified,2024
20580554,4692871,2024-01-05,12:15,f28be1db-75a0-4d1f-86d2-42fa4dad4fdf,NY,Taxi,TOYT -CAR/SUV,,2020.0,North,3.0,M,Licensed,NJ,Going Straight Ahead,Center Front End,Center Front End,Left Rear Bumper,Left Rear Bumper,,N,,Following Too Closely,Unspecified,2024
20587142,4696152,2024-01-05,15:16,78c2e238-703e-40cc-af81-d704d785688f,NY,Sedan,TOYT -CAR/SUV,,2015.0,West,1.0,,,,Going Straight Ahead,Center Front End,Center Front End,Center Front End,Right Front Bumper,Right Front Bumper,N,,Driver Inattention/Distraction,Driver Inattention/Distraction,2024
20581760,4692933,2024-01-05,22:56,e5ecdff2-4cfb-4251-a3b5-ff35afd3b162,,Motorscooter,,,,East,1.0,M,Permit,NY,Going Straight Ahead,Center Back End,Center Back End,Center Back End,Center Back End,Center Back End,N,,Unspecified,Unspecified,2024
20580323,4692914,2024-01-05,12:55,c28ae4c8-6091-4eb5-afba-f8ccec567844,NY,Sedan,NISS -CAR/SUV,,2020.0,North,0.0,,,,Parked,Right Front Bumper,Center Front End,Center Front End,,,N,,Unspecified,Unspecified,2024
20580964,4693284,2024-01-05,15:50,65c47f67-a1d3-4a4a-b555-716b0cd7e81e,,,,,,Northeast,,,,,Starting from Parking,Left Front Quarter Panel,Other,,,,Unspecified,,Driver Inattention/Distraction,Failure to Yield Right-of-Way,2024
20582135,4693676,2024-01-05,18:30,fee63e32-2080-47ed-a06e-4516614bd62b,NY,Sedan,FORD -CAR/SUV,,2014.0,Unknown,0.0,,,,Parked,Right Front Quarter Panel,No Damage,No Damage,No Damage,No Damage,N,,Unspecified,Unspecified,2024