UNIQUE_ID,COLLISION_ID,CRASH_DATE,CRASH_TIME,VEHICLE_ID,STATE_REGISTRATION,VEHICLE_TYPE,VEHICLE_MAKE,VEHICLE_MODEL,VEHICLE_YEAR,TRAVEL_DIRECTION,VEHICLE_OCCUPANTS,DRIVER_SEX,DRIVER_LICENSE_STATUS,DRIVER_LICENSE_JURISDICTION,PRE_CRASH,POINT_OF_IMPACT,VEHICLE_DAMAGE,VEHICLE_DAMAGE_1,VEHICLE_DAMAGE_2,VEHICLE_DAMAGE_3,PUBLIC_PROPERTY_DAMAGE,PUBLIC_PROPERTY_DAMAGE_TYPE,CONTRIBUTING_FACTOR_1,CONTRIBUTING_FACTOR_2,Year
20581117,4693336,2024-01-05,23:00,6e3d0da7-1d4d-447f-8df3-f7b4649c4f99,NJ,Station Wagon/Sport Utility Vehicle,BMW -CAR/SUV,,2016.0,East,0.0,,,,Parked,Right Front Bumper,Right Front Bumper,No Damage,No Damage,No Damage,N,,Unspecified,Unspecified,2024
20582113,4693684,2024-01-05,2:00,d8100962-323f-4a9c-865d-2ef7176770ea,NY,Sedan,SUBA -CAR/SUV,,2014.0,North,3.0,M,Licensed,NY,Other*,Center Front End,Right Front Bumper,Right Front Bumper,Center Front End,No Damage,N,,Unspecified,Unspecified,2024
20580869,4693179,2024-01-05,12:40,fa52d97b-e85b-49f8-b6c0-6b76abf108c1,NJ,Flat Bed,FRHT-TRUCK/BUS,,2022.0,East,1.0,M,Licensed,NJ,Backing,Center Back End,No Damage,,,,N,,Backing Unsafely,Unspecified,2024
20581328,4693158,2024-01-05,9:08,2d9793bd-b040-4301-8767-800cdfaa4bd6,,,,,,,,,,,,,,,,,Unspecified,,,,2024
20581336,4693159,2024-01-05,17:40,1b8f475e-0399-47fe-bace-5e8ba9072a3e,NY,Sedan,MERZ -CAR/SUV,,2019.0,East,1.0,M,Licensed,NY,Making Left Turn,Left Front Bumper,No Damage,No Damage,No Damage,No Damage,N,,Failure to Yield Right-of-Way,Unspecified,2024
20581392,4693129,2024-01-05,14:00,9cf456cd-a79c-498a-857b-bf035861749c,,E-Bike,,,,,,,,,,,,,,,Unspecified,,,,2024
20581181,4693319,2024-01-05,15:45,9a0af653-9ede-4fd4-b111-edcf83497429,NY,Pick-up Truck,FORD -CAR/SUV,,2023.0,South,0.0,,,,Parked,Left Rear Quarter Panel,Left Rear Quarter Panel,,,,N,,Unspecified,Unspecified,2024
20581313,4693155,2024-01-05,7:33,2d68a30b-d1ec-407f-81ab-0def2a61c229,NY,Pick-up Truck,DODG -CAR/SUV,,2019.0,North,1.0,M,Licensed,NY,Starting in Traffic,Left Side Doors,Left Side Doors,,,,N,,Unspecified,Unspecified,2024
20580307,4692916,2024-01-05,19:15,c9503bc1-1261-4c75-b0e1-d6457291808c,,Station Wagon/Sport Utility Vehicle,,,,East,,,,,,,,,,,N,,Unspecified,Unspecified,2024
20583160,4694282,2024-01-05,15:50,88cd19c9-a4b4-4426-9427-c471b02ea4e3,,,,,,North,,,,,Going Straight Ahead,No Damage,,,,,Unspecified,,Unspecified,Unspecified,2024
20581375,4693125,2024-01-05,7:05,7b753943-1b29-47d3-98fa-6526785861e9,NY,Sedan,NISS -CAR/SUV,,2020.0,West,1.0,F,Licensed,NY,Going Straight Ahead,Left Front Bumper,Left Front Bumper,Center Front End,Right Front Quarter Panel,,N,,Unspecified,Unspecified,2024
20580533,4692970,2024-01-05,8:53,04776129-12a5-4cbf-ade7-4ea9052b2909,NY,Station Wagon/Sport Utility Vehicle,NISS -CAR/SUV,,2023.0,South,1.0,F,Licensed,NY,Going Straight Ahead,Left Rear Bumper,Left Rear Bumper,Left Rear Quarter Panel,Center Back End,,N,,Driver Inattention/Distraction,Unspecified,2024
20592916,4693576,2024-01-05,23:00,b3250e3a-1e1d-4d0f-907b-eb90b6083462,,,,,,,,,,,,,,,,,Unspecified,,,,2024
20580653,4692961,2024-01-05,18:42,db867a44-8f3b-428a-a09b-e4058e94efa2,NY,Sedan,MAZD -CAR/SUV,,2023.0,North,0.0,,,,Parked,Right Rear Bumper,Right Rear Bumper,Right Rear Bumper,,,N,,Unspecified,Unspecified,2024
20580497,4692909,2024-01-05,12:30,5a3e1195-f39e-4e2e-90e0-2d8f89629f48,NY,Sedan,CHEV -CAR/SUV,,2021.0,South,1.0,F,Licensed,NY,Going Straight Ahead,Right Front Quarter Panel,Right Front Quarter Panel,No Damage,No Damage,No Damage,N,,Unspecified,Unspecified,2024
20580845,4693178,2024-01-05,11:42,04103a9b-9a85-42c3-8f08-0a9e0e76aefc,NY,Station Wagon/Sport Utility Vehicle,FORD -CAR/SUV,,2013.0,West,1.0,M,Licensed,NY,Stopped in Traffic,Center Back End,Center Back End,No Damage,No Damage,No Damage,Unspecified,,Unspecified,Unspecified,2024
20580965,4692967,2024-01-05,15:00,7d54dd1b-d3a2-46d8-929f-493482069438,NY,Tow Truck / Wrecker,FORD-TRUCK/BUS,,2014.0,North,1.0,M,,,Parked,Right Rear Bumper,Right Rear Bumper,,,,N,,Unspecified,Unspecified,2024
20581252,4693353,2024-01-05,7:55,1a4b78eb-73d9-4a0c-88ac-87fc937b72ef,NY,Sedan,SUZI -CAR/SUV,,2008.0,North,1.0,F,Licensed,NY,Making Left Turn,Right Rear Quarter Panel,Right Rear Bumper,,,,Unspecified,,Unspecified,Unspecified,2024
20580989,4693252,2024-01-05,17:33,50a1b970-8846-4615-9451-98df00f755c6,NY,Sedan,HYUN -CAR/SUV,,2020.0,North,1.0,M,Licensed,NY,Merging,Left Front Bumper,Left Front Quarter Panel,Left Side Doors,,,N,,Unspecified,Unspecified,2024
20580149,4692877,2024-01-05,12:50,74b0ab50-8550-4b97-b73d-f6ecd52c9884,NY,Sedan,NISS -CAR/SUV,,2013.0,West,0.0,,,,Parked,Left Front Bumper,Center Front End,Right Front Bumper,,,Unspecified,,Unspecified,Unspecified,2024
20581783,4693496,2024-01-05,20:08,92b22de2-a676-4a6c-8db9-e0b8157d54ea,NY,Station Wagon/Sport Utility Vehicle,FORD -CAR/SUV,,2019.0,East,1.0,,,,,Other,Other,Other,Other,Other,N,,Driver Inattention/Distraction,Driver Inattention/Distraction,2024
20581111,4693120,2024-01-05,14:00,3da21a83-d394-4044-81c2-ba2afe173d8a,SC,Station Wagon/Sport Utility Vehicle,KIA -CAR/SUV,,2018.0,South,2.0,M,Licensed,AL,Going Straight Ahead,Right Front Quarter Panel,Right Front Quarter Panel,,,,N,,Unspecified,Unspecified,2024
20581033,4693344,2024-01-05,22:18,89d0db32-a882-46f1-9ead-47684038f093,MA,Sedan,CHEV -CAR/SUV,,2019.0,South,3.0,F,Licensed,MA,Going Straight Ahead,Left Rear Quarter Panel,Center Front End,Left Side Doors,Left Front Quarter Panel,Left Front Bumper,Unspecified,,Unspecified,Unspecified,2024
20582745,4694070,2024-01-05,20:51,892d6dcb-ceac-4172-b058-9e3624c66d60,NY,Sedan,TOYT -CAR/SUV,,2000.0,West,1.0,F,Licensed,NY,Going Straight Ahead,Left Front Bumper,Left Front Bumper,,,,N,,Driver Inattention/Distraction,Unsafe Speed,2024
20580154,4692872,2024-01-05,8:30,01f44be5-82f3-4140-a18b-05e3eaf05557,NY,Station Wagon/Sport Utility Vehicle,HOND -CAR/SUV,,2021.0,South,0.0,M,Licensed,NY,Parked,Right Rear Bumper,Right Rear Bumper,Right Rear Quarter Panel,Right Side Doors,Center Back End,N,,Unspecified,Unspecified,2024
20580290,4692860,2024-01-05,12:20,47c7a98d-af77-4ad1-8b6f-c09f9a746589,NJ,Sedan,VOLK -CAR/SUV,,2014.0,East,1.0,F,Permit,NY,Going Straight Ahead,Right Front Bumper,Right Front Quarter Panel,,,,N,,Driver Inexperience,Driver Inattention/Distraction,2024
20580334,4692874,2024-01-05,15:35,90bc8abc-35ed-47e4-b591-c14324f98733,NY,Station Wagon/Sport Utility Vehicle,BMW -CAR/SUV,,2022.0,South,1.0,F,Unlicensed,,Going Straight Ahead,Center Back End,Center Back End,,,,N,,Unspecified,Unspecified,2024
20580483,4693071,2024-01-05,10:00,60e74b87-0978-4cef-8603-88bb101de2cb,,,,,,,,,,,,,,,,,Unspecified,,,,2024
20581029,4693322,2024-01-05,8:38,30dbf828-16ab-408f-b349-d4057c75d842,NY,Moped,Jiaju,,2023.0,North,1.0,M,Unlicensed,,Going Straight Ahead,Center Front End,Center Front End,,,,N,,Unspecified,Unspecified,2024
20580361,4692834,2024-01-05,8:00,1942d149-3c69-4d6f-ab77-2dc5d76553cd,NY,Station Wagon/Sport Utility Vehicle,HYUN -CAR/SUV,,2023.0,West,0.0,,,,Parked,Right Front Quarter Panel,Right Front Quarter Panel,Right Side Doors,Right Front Bumper,,N,,Unspecified,Unspecified,2024
20580690,4692986,2024-01-05,0:00,0df836dc-d2b4-4cb4-ad20-9c2a51d672a4,NY,Station Wagon/Sport Utility Vehicle,TOYT -CAR/SUV,,2021.0,Unknown,1.0,M,Licensed,NY,Parked,Left Front Quarter Panel,Left Front Quarter Panel,Left Side Doors,Left Rear Quarter Panel,,N,,Unspecified,Unspecified,2024
20587138,4692850,2024-01-05,12:44,911759f3-194d-414f-b366-02e14012a900,NY,Van,CHEV-TRUCK/BUS,,2013.0,Unknown,1.0,M,Licensed,NY,Backing,Left Rear Bumper,Left Rear Bumper,No Damage,No Damage,No Damage,N,,Backing Unsafely,Unspecified,2024
20582134,4693676,2024-01-05,18:30,91535310-ff18-4deb-9088-4d6490e3e41e,NY,Van,CHEV-TRUCK/BUS,,2015.0,West,1.0,M,Licensed,NY,Starting from Parking,Other,No Damage,No Damage,No Damage,No Damage,N,,View Obstructed/Limited,Unspecified,2024
20587122,4696052,2024-01-05,17:05,7e0bac10-83ff-4c84-9e3c-05d433925f17,NY,Sedan,HOND -CAR/SUV,,,East,1.0,,,,Going Straight Ahead,Right Front Quarter Panel,Right Front Quarter Panel,Right Side Doors,Right Rear Quarter Panel,No Damage,N,,Driver Inattention/Distraction,Driver Inattention/Distraction,2024
20581728,4693424,2024-01-05,1:15,295ffa7a-a920-4d9b-b311-0b0b23e8472e,,,,,,,,,,,,,,,,,Unspecified,,,,2024
20580325,4692914,2024-01-05,12:55,ef34f86c-6a1f-4c51-8555-d7ec335435e9,NY,Sedan,TOYT -CAR/SUV,,2023.0,East,1.0,M,Licensed,NY,Going Straight Ahead,Right Front Bumper,Center Front End,Right Front Quarter Panel,Right Side Doors,Right Rear Quarter Panel,N,,Unspecified,Unspecified,2024
20581615,4693418,2024-01-05,7:10,6a59faf0-049e-428a-bf1a-67fd55269f09,NY,Station Wagon/Sport Utility Vehicle,HOND -CAR/SUV,,2016.0,West,1.0,,,,Going Straight Ahead,Left Side Doors,Left Side Doors,Left Front Quarter Panel,No Damage,No Damage,N,,Failure to Yield Right-of-Way,Unspecified,2024
20581017,4693127,2024-01-05,9:00,4e28ca76-4389-4d71-a1d7-bd8107f5b320,NY,Taxi,TOYT -CAR/SUV,,2013.0,West,1.0,M,Licensed,NY,Making Right Turn,Left Front Bumper,Left Front Bumper,Center Front End,Right Front Bumper,,N,,Unspecified,Unspecified,2024
20589824,4697336,2024-01-05,6:30,0489dcb2-ba39-4ed7-a95c-ff10068759dc,NY,Station Wagon/Sport Utility Vehicle,FORD -CAR/SUV,,2021.0,South,1.0,M,Licensed,NY,Going Straight Ahead,Center Front End,Center Front End,No Damage,No Damage,No Damage,N,,Alcohol Involvement,Driver Inattention/Distraction,2024
20581355,4693161,2024-01-05,18:00,5d168353-ae3b-40fb-ae82-e8543b46a75d,NY,Sedan,HOND -CAR/SUV,,2018.0,West,1.0,M,Licensed,NY,Going Straight Ahead,Center Front End,Center Front End,Center Front End,Center Front End,Center Front End,N,,Driver Inattention/Distraction,Unspecified,2024
20580636,4692816,2024-01-05,8:55,dc0ed929-3bb1-42fb-bae7-7e51cf218d0f,NY,Station Wagon/Sport Utility Vehicle,FORD -CAR/SUV,,2020.0,East,2.0,M,Licensed,NY,Going Straight Ahead,No Damage,No Damage,,,,N,,Unspecified,Unspecified,2024
20581211,4693245,2024-01-05,18:00,57a1a5b6-ebb7-4ef2-b9f4-26f46d1f4743,VA,Sedan,CHEV -CAR/SUV,,2023.0,North,0.0,,,,Parked,Left Front Quarter Panel,Left Front Quarter Panel,Left Side Doors,,,N,,Unspecified,Unspecified,2024
20580656,4693013,2024-01-05,15:45,53184146-e4f0-4a63-8403-f70b9b79eaba,NY,Station Wagon/Sport Utility Vehicle,FORD -CAR/SUV,,2004.0,North,1.0,M,Licensed,NY,Going Straight Ahead,Center Front End,Center Front End,,,,N,,Driver Inattention/Distraction,Unspecified,2024
20580532,4693081,2024-01-05,5:22,01f0272d-fa52-4413-a877-feb6f268ba6c,NY,Sedan,NISS -CAR/SUV,,2008.0,Northwest,1.0,M,Licensed,NY,Making Left Turn,Right Rear Quarter Panel,Right Rear Quarter Panel,Right Side Doors,Right Rear Bumper,Right Rear Bumper,N,,Turning Improperly,Turning Improperly,2024
20581650,4693574,2024-01-05,17:57,dee89dc5-3c67-4659-a737-92379a7a8bf1,NY,Bus,NOVA,,2010.0,North,25.0,M,Licensed,NY,Changing Lanes,Left Rear Bumper,Left Rear Bumper,,,,Unspecified,,Passing or Lane Usage Improper,Unspecified,2024
20582136,4693708,2024-01-05,18:36,6efdcc28-e33d-4852-b501-0998853d38b2,NY,Sedan,FORD -CAR/SUV,,2014.0,South,1.0,F,Licensed,NY,Going Straight Ahead,Left Rear Bumper,Left Rear Bumper,Left Rear Quarter Panel,Left Rear Quarter Panel,,N,,Unspecified,Unspecified,2024
20580203,4692910,2024-01-05,4:45,36d18335-9e87-479d-b446-242f448d4c02,NY,Sedan,TOYT -CAR/SUV,,2002.0,West,1.0,M,Licensed,NY,Going Straight Ahead,Center Front End,Left Front Bumper,Right Front Bumper,Left Front Quarter Panel,Right Front Quarter Panel,N,,Following Too Closely,Unspecified,2024
20580314,4692902,2024-01-05,15:39,f8963f51-1470-4033-85af-f6597c4bfd47,NY,Station Wagon/Sport Utility Vehicle,HOND -CAR/SUV,,2011.0,North,6.0,F,Licensed,NY,Making Left Turn,Right Front Bumper,Right Front Bumper,Right Front Bumper,Right Front Bumper,Right Front Bumper,N,,View Obstructed/Limited,Unspecified,2024
20580212,4692857,2024-01-05,5:56,20f7eab9-13ee-4351-845f-541d7a9e3f0a,,Station Wagon/Sport Utility Vehicle,SUZI -CAR/SUV,,,West,,,,,Going Straight Ahead,Center Front End,Center Front End,,,,Unspecified,,Traffic Control Disregarded,Unsafe Speed,2024
20580219,4692908,2024-01-05,10:00,1b78a7b4-f2d9-44fe-8571-2c048d2fffbe,NY,Station Wagon/Sport Utility Vehicle,JEEP -CAR/SUV,,2024.0,East,0.0,,,,Parked,Left Rear Bumper,Left Rear Bumper,,,,N,,Unspecified,Unspecified,2024
20580655,4693013,2024-01-05,15:45,8cfb6440-e6cb-430a-97a3-0d1091b02750,NY,Station Wagon/Sport Utility Vehicle,NISS -CAR/SUV,,2014.0,North,1.0,M,Licensed,NY,Going Straight Ahead,Left Front Bumper,Center Front End,Left Front Bumper,,,N,,Unspecified,Unspecified,2024
20580170,4692911,2024-01-05,15:01,9fc15bb9-9849-4c20-a19e-3f8aa1f24d4f,PA,Pick-up Truck,TOYT -CAR/SUV,,2010.0,East,1.0,M,Licensed,NY,Making Right Turn,Center Back End,Center Back End,Right Rear Bumper,Left Rear Bumper,,N,,Other Vehicular,Other Vehicular,2024
20580508,4693070,2024-01-05,19:43,74eba848-f2f7-4252-b440-1afca73838e6,,,,,,West,,,,,Going Straight Ahead,Center Front End,,,,,Unspecified,,Driver Inattention/Distraction,,2024
20580544,4692968,2024-01-05,0:00,a95a5d22-1ff1-4c36-9eb6-90fb1deb8969,NY,Pick-up Truck,DODG -CAR/SUV,,2011.0,East,1.0,M,Licensed,NY,Going Straight Ahead,Right Front Bumper,No Damage,No Damage,No Damage,,N,,Driver Inattention/Distraction,Unspecified,2024
20580967,4693379,2024-01-05,7:20,2dc9220d-bcb0-4be3-9b1a-e9868b5015b3,NY,Sedan,LEXS -CAR/SUV,,2020.0,North,1.0,M,Licensed,NY,Going Straight Ahead,Left Rear Bumper,Left Rear Bumper,No Damage,No Damage,No Damage,N,,Unspecified,Unspecified,2024
20580349,4692938,2024-01-05,9:11,68c687a3-69d2-4b88-9127-8845cd79e7dc,NY,Station Wagon/Sport Utility Vehicle,VOLV -CAR/SUV,,2024.0,West,1.0,F,Licensed,NY,Going Straight Ahead,Center Back End,Center Back End,No Damage,No Damage,No Damage,N,,Unspecified,Unspecified,2024
20580691,4692986,2024-01-05,0:00,d52d33ca-9247-418a-b6a8-37416678a94e,NJ,Station Wagon/Sport Utility Vehicle,TOYT -CAR/SUV,,2018.0,Unknown,1.0,,,,Backing,Center Back End,Center Back End,,,,N,,Driver Inattention/Distraction,View Obstructed/Limited,2024
20581116,4693112,2024-01-05,15:35,43fc5490-0690-4a76-85b0-f74a7b9d8b6b,,Motorcycle,,,,South,1.0,,,,Going Straight Ahead,Center Front End,Center Front End,,,,N,,Driver Inattention/Distraction,Unspecified,2024
20581350,4693375,2024-01-05,13:00,b6e67d1a-629f-4bb3-bf19-e357cff29331,NY,Station Wagon/Sport Utility Vehicle,HOND -CAR/SUV,,2004.0,North,1.0,F,Licensed,NY,Starting from Parking,Right Side Doors,Right Side Doors,Right Front Quarter Panel,Right Rear Quarter Panel,,N,,Failure to Yield Right-of-Way,Unspecified,2024
20581648,4693448,2024-01-05,12:07,fe4f596a-1409-4aae-b981-c9bee92f117d,NY,Armored Truck,FORD -CAR/SUV,,2013.0,South,1.0,M,Licensed,NY,Parked,Left Side Doors,Left Side Doors,Left Front Quarter Panel,No Damage,No Damage,N,,Unspecified,Unspecified,2024
20584589,4695127,2024-01-05,22:32,641ceb7b-0ae4-4939-9a4e-6fc375e130e2,,Bike,,,,West,1.0,M,,,Making Left Turn,Right Front Bumper,Right Front Bumper,,,,N,,Unspecified,Unspecified,2024
20580208,4692873,2024-01-05,9:30,e7244ec6-ae62-4d49-bd06-3e07ae330b65,NY,Sedan,MITS -CAR/SUV,,2023.0,East,1.0,M,Licensed,NY,Going Straight Ahead,Left Rear Bumper,Left Rear Bumper,Other,,,N,,Unspecified,Unspecified,2024
20580340,4692896,2024-01-05,17:53,e5c5c238-59f2-4337-a916-f509aec103d3,,Moped,,,,East,2.0,M,,,Going Straight Ahead,Center Front End,Center Front End,,,,N,,Unspecified,Unspecified,2024
20581210,4693141,2024-01-05,15:00,70759faf-f3fc-4475-8b1b-6b17c5ba698a,,E-Scooter,,,,South,1.0,M,Permit,NY,Going Straight Ahead,Center Front End,No Damage,,,,N,,Other Vehicular,Unspecified,2024
20580940,4693323,2024-01-05,9:39,556575c6-3c62-446b-9f24-81e8b2f3b97b,PA,Sedan,HOND -CAR/SUV,,2013.0,East,0.0,F,Licensed,NY,Parked,Left Front Bumper,Left Front Bumper,Center Front End,Right Front Bumper,Left Front Quarter Panel,N,,Unspecified,Unspecified,2024
20592069,4698393,2024-01-05,11:30,3609315c-3489-40f5-80f5-460a782e611b,,,,,,North,,,,,Backing,Center Back End,No Damage,,,,N,,Backing Unsafely,Backing Unsafely,2024
20582976,4693936,2024-01-05,14:35,e927c023-7207-4426-b1d0-0ee546dbc05d,NY,Station Wagon/Sport Utility Vehicle,TOYT -CAR/SUV,,2021.0,East,2.0,M,Licensed,NY,Going Straight Ahead,Right Front Quarter Panel,Right Front Quarter Panel,Right Side Doors,Right Rear Quarter Panel,,N,,Unspecified,Unspecified,2024
20580990,4693252,2024-01-05,17:33,d6aa704f-e07e-408f-b131-71d4b6ef03eb,,Moped,TAIZHOU QIANXIN,,,North,1.0,,,,Going Straight Ahead,Center Front End,Center Front End,,,,N,,Driver Inattention/Distraction,Aggressive Driving/Road Rage,2024
20580344,4692930,2024-01-05,2:25,a1cbb804-77ca-4f94-95dc-b50f9e042dac,NY,Sedan,HYUN -CAR/SUV,,2023.0,East,1.0,M,Licensed,NY,Going Straight Ahead,Right Front Bumper,Overturned,Overturned,,,N,,Following Too Closely,Unsafe Speed,2024
20580663,4693011,2024-01-05,15:47,04874ccd-68b7-43c4-97f5-e066675234c2,NY,Sedan,HOND -CAR/SUV,,2005.0,East,1.0,F,Licensed,NY,Going Straight Ahead,Left Rear Quarter Panel,Left Rear Quarter Panel,Left Rear Bumper,Center Front End,,N,,Unspecified,Unspecified,2024
20584191,4692822,2024-01-05,8:55,530acaee-914e-4a0a-b4c9-938021ac06c3,NY,Sedan,HYUN -CAR/SUV,,2013.0,West,1.0,M,Licensed,NY,Backing,Left Rear Bumper,Left Rear Bumper,,,,N,,Unspecified,Unspecified,2024
20580534,4692970,2024-01-05,8:53,fa1cf34e-8b2e-4937-8891-7c0208323c70,PA,Box Truck,FRHT-TRUCK/BUS,,2018.0,South,1.0,M,Licensed,NJ,Making Left Turn,Right Front Bumper,Right Front Bumper,,,,N,,Driver Inattention/Distraction,Following Too Closely,2024
20580236,4692793,2024-01-05,7:04,f2aa226f-82f6-4c9e-9ae9-f1277e7bd0c9,NY,Bus,,,2011.0,South,6.0,F,Licensed,NY,Going Straight Ahead,Left Rear Bumper,Left Rear Bumper,,,,N,,Unspecified,Unspecified,2024
20582977,4693936,2024-01-05,14:35,09b033fb-b6a8-442d-b955-5693e70110ad,NY,Station Wagon/Sport Utility Vehicle,CHEV -CAR/SUV,,2022.0,,1.0,,,,Changing Lanes,Left Front Bumper,Left Front Bumper,Left Front Quarter Panel,,,N,,Driver Inattention/Distraction,Unsafe Lane Changing,2024
20581073,4693152,2024-01-05,0:00,ca7ef9df-ee18-43a2-a825-dfd8338e4a89,NY,Station Wagon/Sport Utility Vehicle,HOND -CAR/SUV,,2006.0,West,0.0,,,,Parked,Center Back End,Center Back End,,,,Unspecified,,Unspecified,Unspecified,2024
20580447,4693072,2024-01-05,18:01,eb303511-a613-4938-8fec-b100efb828a7,NJ,Sedan,BMW -CAR/SUV,,2022.0,North,1.0,M,Permit,NY,Going Straight Ahead,Right Front Quarter Panel,Right Front Quarter Panel,,,,N,,Unsafe Speed,Aggressive Driving/Road Rage,2024
20580482,4693071,2024-01-05,10:00,d5bf2f43-7933-47dd-a29d-d32dad83a80a,NY,Station Wagon/Sport Utility Vehicle,HYUN -CAR/SUV,,2019.0,North,0.0,,,,Parked,Right Rear Quarter Panel,Right Side Doors,Right Front Quarter Panel,,,N,,Unspecified,Unspecified,2024
20582746,4694070,2024-01-05,20:51,bcbbc6a3-dd5d-4996-99db-e2be726017a9,,Bike,,,,East,1.0,M,,,Going Straight Ahead,Center Front End,Center Front End,,,,N,,Unspecified,Unspecified,2024
20580311,4692932,2024-01-05,12:00,9614ff77-c669-4eba-90c8-c5e2436b9bb4,NY,Station Wagon/Sport Utility Vehicle,BMW -CAR/SUV,,2022.0,West,0.0,,,,Parked,Left Rear Bumper,Left Rear Bumper,Center Back End,Left Rear Quarter Panel,Center Front End,N,,Unspecified,Unspecified,2024
20580109,4692881,2024-01-05,5:55,50c85da8-5432-4248-9faf-12739d19c97c,NJ,Tractor Truck Diesel,KW-TRUCK/BUS,,2006.0,South,1.0,M,Licensed,NY,Going Straight Ahead,Right Front Bumper,Right Front Bumper,Right Front Quarter Panel,No Damage,No Damage,N,,Oversized Vehicle,View Obstructed/Limited,2024
20586621,4695908,2024-01-05,12:00,1802eee9-196e-4e47-b9cc-70d512cecb5e,NY,Sedan,HOND -CAR/SUV,,2019.0,Southeast,0.0,M,Licensed,NY,Parked,Left Front Bumper,Left Front Quarter Panel,Left Side Doors,Left Rear Quarter Panel,,N,,Unspecified,Unspecified,2024
20580326,4692895,2024-01-05,15:25,892876f2-49b2-4083-bdf4-d5cad61b5d2a,NY,Sedan,TOYT -CAR/SUV,,2024.0,South,1.0,M,Licensed,NY,Going Straight Ahead,Center Front End,Center Front End,Left Front Bumper,Right Front Bumper,,N,,Unspecified,Unspecified,2024
20581639,4693573,2024-01-05,15:31,7e7d3887-82ac-4e5f-b670-0c4688a61013,,Sedan,KIA -CAR/SUV,,,West,1.0,,,,Going Straight Ahead,Center Front End,Center Front End,,,,N,,Following Too Closely,Driver Inattention/Distraction,2024
20583165,4694195,2024-01-05,9:33,d04060f1-aaa3-4e68-9b25-c1211c951ce5,,,,,,,,,,,,,,,,,Unspecified,,,,2024